id,     name,                               size,       offset,     end,        privilege,              security,         crc
0,      OTP_MEMORY_CHECK_MARK,              60,         0x0,        0x3c,       OTP_READ_WRITE,         TRUE,           FALSE,
1,      OTP_EFUSE,                          4,          0x3c,       0x40,       OTP_READ_WRITE,         TRUE,           FALSE,
2,      OTP_AES_KEY,                        32,         0x40,       0x60,       OTP_READ_WRITE,         TRUE,           FALSE,
3,      OTP_MEMORY_CHECK_MARK_EXTRA,        8,          0x60,       0x68,       OTP_READ_WRITE,         TRUE,           FALSE,
4,      OTP_HARDWARE_RESERVED,              152,        0x68,       0x100,      OTP_READ_WRITE,         TRUE,           FALSE,
5,      OTP_MODEL_ID,                       4,          0x100,      0x104,      OTP_READ_WRITE,         TRUE,           FALSE,
6,      OTP_MODEL_KEY,                      16,         0x104,      0x114,      OTP_READ_WRITE,         TRUE,           FALSE,
7,      OTP_SE_DEVICE_ID,                   4,          0x114,      0x118,      OTP_READ_WRITE,         TRUE,           FALSE,
8,      OTP_DEVICE_ROOT_KEY,                16,         0x118,      0x128,      OTP_READ_WRITE,         TRUE,           FALSE,
9,      OTP_BL1_BOOT_PUBLIC_KEY_HASH,       32,         0x128,      0x148,      OTP_READ_WRITE,         TRUE,           FALSE,
10,     OTP_BL2_BOOT_PUBLIC_KEY_HASH,       32,         0x148,      0x168,      OTP_READ_WRITE,         TRUE,           FALSE,
11,     OTP_LCS,                            4,          0x168,      0x16c,      OTP_READ_WRITE,         TRUE,           FALSE,
12,     OTP_TE200_RESERVED,                 16,         0x16c,      0x17c,      OTP_READ_WRITE,         TRUE,           FALSE,
13,     OTP_LOCK_CONTROL,                   4,          0x17c,      0x180,      OTP_READ_WRITE,         TRUE,           FALSE,
14,     OTP_RESERVED_180,                   8,          0x180,      0x188,      OTP_READ_WRITE,         TRUE,           FALSE,
15,     OTP_BL1_SECURITY_COUNTER,           4,          0x188,      0x18c,      OTP_READ_WRITE,         TRUE,           FALSE,
16,     OTP_RESERVED_18C,                   32,         0x18c,      0x1ac,      OTP_READ_WRITE,         TRUE,           FALSE,
17,     OTP_RESERVED_1AC,                   32,         0x1ac,      0x1cc,      OTP_READ_WRITE,         TRUE,           FALSE,
18,     OTP_SECURE_DEBUG_PUBLIC_KEY_HASH,   32,         0x1cc,      0x1ec,      OTP_READ_WRITE,         TRUE,           FALSE,
19,     BL2_B_ADDRESS,                      4,          0x1ec,      0x1F0,      OTP_READ_WRITE,         TRUE,           FALSE,
20,     OTP_UPGRADE_COUNTER,                16,         0x1F0,      0x200,      OTP_READ_WRITE,         TRUE,           FALSE,
21,     OTP_TFM_RESERVED_20C,               28,         0x200,      0x21c,      OTP_READ_WRITE,         TRUE,           FALSE,
22,     OTP_BL2_SECURITY_COUNTER,           64,         0x21c,      0x25c,      OTP_READ_WRITE,         TRUE,           FALSE,
23,     OTP_HUK,                            32,         0x25c,      0x27c,      OTP_READ_WRITE,         TRUE,           FALSE,